height,temperature,np,HI,HII,HMinus
10000000.0,5450.0,10703900000000.0,7.42867e+16,3313250000000.0,542172000.0
20000000.0,5050.0,3891330000000.0,3.62396e+16,430619000000.0,113642000.0
32500000.0,4890.0,1426190000000.0,1.31499e+16,141806000000.0,17157600.0
35000000.0,4820.0,1122950000000.0,1.06499e+16,88798800000.0,11518800.0
37500000.0,4840.0,936546000000.0,8525910000000000.0,95053100000.0,7771750.0
47500000.0,5010.0,497967000000.0,3495870000000000.0,134580000000.0,2535530.0
57500000.0,5280.0,368241000000.0,1458790000000000.0,206020000000.0,1263320.0
67500000.0,5620.0,650934000000.0,632638000000000.0,562366000000.0,519445.0
77500000.0,5940.0,1515170000000.0,287546000000000.0,1454250000000.0,219239.0
87500000.0,6220.0,2662380000000.0,136478000000000.0,2622490000000.0,114037.0
97500000.0,6580.0,4411180000000.0,63853000000000.0,4386970000000.0,66666.3
107500000.0,7020.0,6879390000000.0,27836000000000.0,6863970000000.0,38679.8
117500000.0,7470.0,7851690000000.0,10478800000000.0,7841200000000.0,18742.5
127500000.0,7890.0,6555990000000.0,3581030000000.0,6548970000000.0,8040.77
135000000.0,8160.0,5075770000000.0,1634290000000.0,5070710000000.0,4162.2
137500000.0,8240.0,4591270000000.0,1278240000000.0,4586760000000.0,3392.21
140000000.0,8320.0,4066030000000.0,974917000000.0,4062080000000.0,2675.52
141000000.0,8390.0,3880140000000.0,838588000000.0,3876410000000.0,2417.33
142000000.0,8450.0,3633770000000.0,713707000000.0,3630290000000.0,2129.61
142800000.0,8500.0,3265460000000.0,600644000000.0,3262360000000.0,1876.47
142830000.0,10000.0,2887130000000.0,238564000000.0,2884440000000.0,4715.92
142860000.0,13000.0,2066720000000.0,192725000000.0,2064270000000.0,136466.0
142900000.0,15000.0,1740350000000.0,167877000000.0,1737120000000.0,575811.0
142925000.0,16300.0,1595060000000.0,156253000000.0,1590750000000.0,1211120.0
142950000.0,18000.0,1439200000000.0,143286000000.0,1432710000000.0,2700820.0
142975000.0,20500.0,1263300000000.0,127889000000.0,1252100000000.0,6812860.0
143000000.0,22500.0,1153150000000.0,117753000000.0,1137230000000.0,12198900.0
143100000.0,26000.0,1006220000000.0,103548000000.0,981425000000.0,26856800.0
143125000.0,29000.0,911536000000.0,93357700000.0,879798000000.0,44449400.0
143150000.0,32000.0,835430000000.0,84860700000.0,798273000000.0,66106500.0
143175000.0,34500.0,781259000000.0,78859600000.0,740954000000.0,86739300.0
143200000.0,38000.0,716436000000.0,71768500000.0,673513000000.0,118572000.0
143300000.0,70000.0,410195000000.0,33982800000.0,373604000000.0,312849000.0
143400000.0,90000.0,323610000000.0,25066100000.0,292373000000.0,360539000.0
143600000.0,112000.0,264442000000.0,18857600000.0,236282000000.0,359870000.0
143900000.0,141000.0,218993000000.0,11075300000.0,191610000000.0,215061000.0
144200626.74094623,303636.96867735253,109552950077.15862,4741107052.5925665,90303964668.24318,188957317.0438319
144501881.53218722,653868.1471458992,54804714628.359985,2029569951.5266376,42559396872.83182,166022047.99755955
144803765.68580547,1408074.7667663721,27416484388.42171,868816954.0249794,20057837646.81361,145870616.98653448
145106280.51662484,3032223.7861844795,13715309372.883926,371922583.4189431,9453067492.193583,128165127.20253289
145409427.34221613,6529753.466584544,6861190097.493236,159212371.96879527,4455140508.436755,112608695.09010056
145713207.48290268,14061521.622724611,3432363665.599235,68155526.22513576,2099665210.9280982,98940472.23825915
146017622.2617661,14061521.622724611,1717066597.124317,29175972.30405931,989552179.0240079,86931271.5052529
146322673.00465226,14061521.622724611,858975908.7912279,12489630.805217076,466366499.72322416,76379724.03569907
146628361.04017675,14061521.622724611,429709373.60229415,5346552.842351182,219794081.27685526,67108902.73147598
146934687.69973087,14061521.622724611,214965453.47997126,2288748.782238858,103586853.24311928,58963355.55909795
147241654.31748742,14061521.622724611,107538138.63185132,979766.0553741454,48819495.5136014,51806498.94843158
147549262.2304064,14061521.622724611,53796789.545445636,419417.6008799002,23008162.40270191,45518327.57557035
147857512.77824098,14061521.622724611,26912262.032958206,179544.00743213683,10843527.397812184,39993402.127777845
148166407.30354315,14061521.622724611,26912262.032958206,179544.00743213683,10843527.397812184,39993402.127777845
148475947.15166977,14061521.622724611,26912262.032958206,179544.00743213683,10843527.397812184,39993402.127777845
148786133.6707883,14061521.622724611,26912262.032958206,179544.00743213683,10843527.397812184,39993402.127777845
149096968.21188268,14061521.622724611,26912262.032958206,179544.00743213683,10843527.397812184,39993402.127777845
149408452.12875932,14061521.622724611,26912262.032958206,179544.00743213683,10843527.397812184,39993402.127777845
149720586.7780528,14061521.622724611,26912262.032958206,179544.00743213683,10843527.397812184,39993402.127777845
150033373.51923203,14061521.622724611,26912262.032958206,179544.00743213683,10843527.397812184,39993402.127777845
150346813.7146059,14061521.622724611,26912262.032958206,179544.00743213683,10843527.397812184,39993402.127777845
150660908.72932944,14061521.622724611,26912262.032958206,179544.00743213683,10843527.397812184,39993402.127777845
150975659.93140966,14061521.622724611,26912262.032958206,179544.00743213683,10843527.397812184,39993402.127777845
151291068.69171146,14061521.622724611,26912262.032958206,179544.00743213683,10843527.397812184,39993402.127777845
151607136.38396376,14061521.622724611,26912262.032958206,179544.00743213683,10843527.397812184,39993402.127777845
151923864.38476536,14061521.622724611,26912262.032958206,179544.00743213683,10843527.397812184,39993402.127777845
152241254.07359087,14061521.622724611,26912262.032958206,179544.00743213683,10843527.397812184,39993402.127777845
152559306.832797,14061521.622724611,26912262.032958206,179544.00743213683,10843527.397812184,39993402.127777845
152878024.04762816,14061521.622724611,26912262.032958206,179544.00743213683,10843527.397812184,39993402.127777845
153197407.1062229,14061521.622724611,26912262.032958206,179544.00743213683,10843527.397812184,39993402.127777845
153517457.39961973,14061521.622724611,26912262.032958206,179544.00743213683,10843527.397812184,39993402.127777845
153838176.3217632,14061521.622724611,26912262.032958206,179544.00743213683,10843527.397812184,39993402.127777845
154159565.26951003,14061521.622724611,26912262.032958206,179544.00743213683,10843527.397812184,39993402.127777845
154481625.64263517,14061521.622724611,26912262.032958206,179544.00743213683,10843527.397812184,39993402.127777845
154804358.84383786,14061521.622724611,26912262.032958206,179544.00743213683,10843527.397812184,39993402.127777845
155127766.2787478,14061521.622724611,26912262.032958206,179544.00743213683,10843527.397812184,39993402.127777845
155451849.35593122,14061521.622724611,26912262.032958206,179544.00743213683,10843527.397812184,39993402.127777845
155776609.48689708,14061521.622724611,26912262.032958206,179544.00743213683,10843527.397812184,39993402.127777845
156102048.08610308,14061521.622724611,26912262.032958206,179544.00743213683,10843527.397812184,39993402.127777845
156428166.57096204,14061521.622724611,26912262.032958206,179544.00743213683,10843527.397812184,39993402.127777845
156754966.36184788,14061521.622724611,26912262.032958206,179544.00743213683,10843527.397812184,39993402.127777845
157082448.88210183,14061521.622724611,26912262.032958206,179544.00743213683,10843527.397812184,39993402.127777845
157410615.55803877,14061521.622724611,26912262.032958206,179544.00743213683,10843527.397812184,39993402.127777845
157739467.8189533,14061521.622724611,26912262.032958206,179544.00743213683,10843527.397812184,39993402.127777845
158069007.097126,14061521.622724611,26912262.032958206,179544.00743213683,10843527.397812184,39993402.127777845
158399234.82782972,14061521.622724611,26912262.032958206,179544.00743213683,10843527.397812184,39993402.127777845
158730152.44933572,14061521.622724611,26912262.032958206,179544.00743213683,10843527.397812184,39993402.127777845
159061761.4029201,14061521.622724611,26912262.032958206,179544.00743213683,10843527.397812184,39993402.127777845
159394063.1328699,14061521.622724611,26912262.032958206,179544.00743213683,10843527.397812184,39993402.127777845
159727059.0864895,14061521.622724611,26912262.032958206,179544.00743213683,10843527.397812184,39993402.127777845
160060750.7141069,14061521.622724611,26912262.032958206,179544.00743213683,10843527.397812184,39993402.127777845
160395139.46908006,14061521.622724611,26912262.032958206,179544.00743213683,10843527.397812184,39993402.127777845
160730226.80780315,14061521.622724611,26912262.032958206,179544.00743213683,10843527.397812184,39993402.127777845
161066014.189713,14061521.622724611,26912262.032958206,179544.00743213683,10843527.397812184,39993402.127777845
161402503.07729536,14061521.622724611,26912262.032958206,179544.00743213683,10843527.397812184,39993402.127777845
161739694.93609133,14061521.622724611,26912262.032958206,179544.00743213683,10843527.397812184,39993402.127777845
162077591.23470372,14061521.622724611,26912262.032958206,179544.00743213683,10843527.397812184,39993402.127777845
162416193.44480348,14061521.622724611,26912262.032958206,179544.00743213683,10843527.397812184,39993402.127777845
162755503.041136,14061521.622724611,26912262.032958206,179544.00743213683,10843527.397812184,39993402.127777845
163095521.50152773,14061521.622724611,26912262.032958206,179544.00743213683,10843527.397812184,39993402.127777845
163436250.30689242,14061521.622724611,26912262.032958206,179544.00743213683,10843527.397812184,39993402.127777845
163777690.9412377,14061521.622724611,26912262.032958206,179544.00743213683,10843527.397812184,39993402.127777845
164119844.89167142,14061521.622724611,26912262.032958206,179544.00743213683,10843527.397812184,39993402.127777845
164462713.64840826,14061521.622724611,26912262.032958206,179544.00743213683,10843527.397812184,39993402.127777845
164806298.7047762,14061521.622724611,26912262.032958206,179544.00743213683,10843527.397812184,39993402.127777845
165150601.55722287,14061521.622724611,26912262.032958206,179544.00743213683,10843527.397812184,39993402.127777845
165495623.7053223,14061521.622724611,26912262.032958206,179544.00743213683,10843527.397812184,39993402.127777845
165841366.65178126,14061521.622724611,26912262.032958206,179544.00743213683,10843527.397812184,39993402.127777845
166187831.9024459,14061521.622724611,26912262.032958206,179544.00743213683,10843527.397812184,39993402.127777845
166535020.96630833,14061521.622724611,26912262.032958206,179544.00743213683,10843527.397812184,39993402.127777845
166882935.3555131,14061521.622724611,26912262.032958206,179544.00743213683,10843527.397812184,39993402.127777845
167231576.5853638,14061521.622724611,26912262.032958206,179544.00743213683,10843527.397812184,39993402.127777845
167580946.17432982,14061521.622724611,26912262.032958206,179544.00743213683,10843527.397812184,39993402.127777845
167931045.6440527,14061521.622724611,26912262.032958206,179544.00743213683,10843527.397812184,39993402.127777845
168281876.51935303,14061521.622724611,26912262.032958206,179544.00743213683,10843527.397812184,39993402.127777845
168633440.32823682,14061521.622724611,26912262.032958206,179544.00743213683,10843527.397812184,39993402.127777845
168985738.60190243,14061521.622724611,26912262.032958206,179544.00743213683,10843527.397812184,39993402.127777845
169338772.87474698,14061521.622724611,26912262.032958206,179544.00743213683,10843527.397812184,39993402.127777845
169692544.68437326,14061521.622724611,26912262.032958206,179544.00743213683,10843527.397812184,39993402.127777845
170047055.57159624,14061521.622724611,26912262.032958206,179544.00743213683,10843527.397812184,39993402.127777845
170402307.0804499,14061521.622724611,26912262.032958206,179544.00743213683,10843527.397812184,39993402.127777845
170758300.75819394,14061521.622724611,26912262.032958206,179544.00743213683,10843527.397812184,39993402.127777845
171115038.15532044,14061521.622724611,26912262.032958206,179544.00743213683,10843527.397812184,39993402.127777845
171472520.82556072,14061521.622724611,26912262.032958206,179544.00743213683,10843527.397812184,39993402.127777845
171830750.325892,14061521.622724611,26912262.032958206,179544.00743213683,10843527.397812184,39993402.127777845
172189728.21654433,14061521.622724611,26912262.032958206,179544.00743213683,10843527.397812184,39993402.127777845
172549456.06100723,14061521.622724611,26912262.032958206,179544.00743213683,10843527.397812184,39993402.127777845
172909935.42603654,14061521.622724611,26912262.032958206,179544.00743213683,10843527.397812184,39993402.127777845
173271167.8816613,14061521.622724611,26912262.032958206,179544.00743213683,10843527.397812184,39993402.127777845
173633155.00119057,14061521.622724611,26912262.032958206,179544.00743213683,10843527.397812184,39993402.127777845
173995898.36122027,14061521.622724611,26912262.032958206,179544.00743213683,10843527.397812184,39993402.127777845
174359399.54163998,14061521.622724611,26912262.032958206,179544.00743213683,10843527.397812184,39993402.127777845
174723660.12563998,14061521.622724611,26912262.032958206,179544.00743213683,10843527.397812184,39993402.127777845
175088681.69971794,14061521.622724611,26912262.032958206,179544.00743213683,10843527.397812184,39993402.127777845
175454465.85368606,14061521.622724611,26912262.032958206,179544.00743213683,10843527.397812184,39993402.127777845
175821014.18067777,14061521.622724611,26912262.032958206,179544.00743213683,10843527.397812184,39993402.127777845
176188328.27715486,14061521.622724611,26912262.032958206,179544.00743213683,10843527.397812184,39993402.127777845
176556409.74291426,14061521.622724611,26912262.032958206,179544.00743213683,10843527.397812184,39993402.127777845
176925260.18109515,14061521.622724611,26912262.032958206,179544.00743213683,10843527.397812184,39993402.127777845
177294881.19818592,14061521.622724611,26912262.032958206,179544.00743213683,10843527.397812184,39993402.127777845
177665274.40403104,14061521.622724611,26912262.032958206,179544.00743213683,10843527.397812184,39993402.127777845
178036441.41183823,14061521.622724611,26912262.032958206,179544.00743213683,10843527.397812184,39993402.127777845
178408383.83818543,14061521.622724611,26912262.032958206,179544.00743213683,10843527.397812184,39993402.127777845
178781103.30302775,14061521.622724611,26912262.032958206,179544.00743213683,10843527.397812184,39993402.127777845
179154601.42970473,14061521.622724611,26912262.032958206,179544.00743213683,10843527.397812184,39993402.127777845
179528879.84494716,14061521.622724611,26912262.032958206,179544.00743213683,10843527.397812184,39993402.127777845
179903940.1788844,14061521.622724611,26912262.032958206,179544.00743213683,10843527.397812184,39993402.127777845
180279784.0650513,14061521.622724611,26912262.032958206,179544.00743213683,10843527.397812184,39993402.127777845
180656413.14039543,14061521.622724611,26912262.032958206,179544.00743213683,10843527.397812184,39993402.127777845
181033829.04528415,14061521.622724611,26912262.032958206,179544.00743213683,10843527.397812184,39993402.127777845
181412033.42351177,14061521.622724611,26912262.032958206,179544.00743213683,10843527.397812184,39993402.127777845
181791027.92230672,14061521.622724611,26912262.032958206,179544.00743213683,10843527.397812184,39993402.127777845
182170814.1923387,14061521.622724611,26912262.032958206,179544.00743213683,10843527.397812184,39993402.127777845
182551393.88772592,14061521.622724611,26912262.032958206,179544.00743213683,10843527.397812184,39993402.127777845
182932768.6660422,14061521.622724611,26912262.032958206,179544.00743213683,10843527.397812184,39993402.127777845
183314940.18832433,14061521.622724611,26912262.032958206,179544.00743213683,10843527.397812184,39993402.127777845
183697910.1190792,14061521.622724611,26912262.032958206,179544.00743213683,10843527.397812184,39993402.127777845
184081680.12629107,14061521.622724611,26912262.032958206,179544.00743213683,10843527.397812184,39993402.127777845
184466251.88142887,14061521.622724611,26912262.032958206,179544.00743213683,10843527.397812184,39993402.127777845
184851627.05945343,14061521.622724611,26912262.032958206,179544.00743213683,10843527.397812184,39993402.127777845
185237807.33882487,14061521.622724611,26912262.032958206,179544.00743213683,10843527.397812184,39993402.127777845
185624794.40150973,14061521.622724611,26912262.032958206,179544.00743213683,10843527.397812184,39993402.127777845
186012589.9329885,14061521.622724611,26912262.032958206,179544.00743213683,10843527.397812184,39993402.127777845
186401195.62226284,14061521.622724611,26912262.032958206,179544.00743213683,10843527.397812184,39993402.127777845
186790613.16186297,14061521.622724611,26912262.032958206,179544.00743213683,10843527.397812184,39993402.127777845
187180844.247855,14061521.622724611,26912262.032958206,179544.00743213683,10843527.397812184,39993402.127777845
187571890.57984844,14061521.622724611,26912262.032958206,179544.00743213683,10843527.397812184,39993402.127777845
187963753.8610034,14061521.622724611,26912262.032958206,179544.00743213683,10843527.397812184,39993402.127777845
188356435.7980382,14061521.622724611,26912262.032958206,179544.00743213683,10843527.397812184,39993402.127777845
188749938.10123673,14061521.622724611,26912262.032958206,179544.00743213683,10843527.397812184,39993402.127777845
189144262.48445588,14061521.622724611,26912262.032958206,179544.00743213683,10843527.397812184,39993402.127777845
189539410.665133,14061521.622724611,26912262.032958206,179544.00743213683,10843527.397812184,39993402.127777845
189935384.36429343,14061521.622724611,26912262.032958206,179544.00743213683,10843527.397812184,39993402.127777845
190332185.30655795,14061521.622724611,26912262.032958206,179544.00743213683,10843527.397812184,39993402.127777845
190729815.22015032,14061521.622724611,26912262.032958206,179544.00743213683,10843527.397812184,39993402.127777845
191128275.8369048,14061521.622724611,26912262.032958206,179544.00743213683,10843527.397812184,39993402.127777845
191527568.89227363,14061521.622724611,26912262.032958206,179544.00743213683,10843527.397812184,39993402.127777845
191927696.12533477,14061521.622724611,26912262.032958206,179544.00743213683,10843527.397812184,39993402.127777845
192328659.27879924,14061521.622724611,26912262.032958206,179544.00743213683,10843527.397812184,39993402.127777845
192730460.09901884,14061521.622724611,26912262.032958206,179544.00743213683,10843527.397812184,39993402.127777845
193133100.33599377,14061521.622724611,26912262.032958206,179544.00743213683,10843527.397812184,39993402.127777845
193536581.74338022,14061521.622724611,26912262.032958206,179544.00743213683,10843527.397812184,39993402.127777845
193940906.07849798,14061521.622724611,26912262.032958206,179544.00743213683,10843527.397812184,39993402.127777845
194346075.1023381,14061521.622724611,26912262.032958206,179544.00743213683,10843527.397812184,39993402.127777845
194752090.57957068,14061521.622724611,26912262.032958206,179544.00743213683,10843527.397812184,39993402.127777845
195158954.27855232,14061521.622724611,26912262.032958206,179544.00743213683,10843527.397812184,39993402.127777845
195566667.9713341,14061521.622724611,26912262.032958206,179544.00743213683,10843527.397812184,39993402.127777845
195975233.433669,14061521.622724611,26912262.032958206,179544.00743213683,10843527.397812184,39993402.127777845
196384652.44501993,14061521.622724611,26912262.032958206,179544.00743213683,10843527.397812184,39993402.127777845
196794926.7885673,14061521.622724611,26912262.032958206,179544.00743213683,10843527.397812184,39993402.127777845
197206058.25121677,14061521.622724611,26912262.032958206,179544.00743213683,10843527.397812184,39993402.127777845
197618048.62360713,14061521.622724611,26912262.032958206,179544.00743213683,10843527.397812184,39993402.127777845
198030899.7001181,14061521.622724611,26912262.032958206,179544.00743213683,10843527.397812184,39993402.127777845
198444613.27887806,14061521.622724611,26912262.032958206,179544.00743213683,10843527.397812184,39993402.127777845
198859191.1617719,14061521.622724611,26912262.032958206,179544.00743213683,10843527.397812184,39993402.127777845
199274635.15444893,14061521.622724611,26912262.032958206,179544.00743213683,10843527.397812184,39993402.127777845
199690947.06633073,14061521.622724611,26912262.032958206,179544.00743213683,10843527.397812184,39993402.127777845
200108128.71061897,14061521.622724611,26912262.032958206,179544.00743213683,10843527.397812184,39993402.127777845
200526181.90430337,14061521.622724611,26912262.032958206,179544.00743213683,10843527.397812184,39993402.127777845
200945108.46816954,14061521.622724611,26912262.032958206,179544.00743213683,10843527.397812184,39993402.127777845
201364910.226807,14061521.622724611,26912262.032958206,179544.00743213683,10843527.397812184,39993402.127777845
201785589.00861713,14061521.622724611,26912262.032958206,179544.00743213683,10843527.397812184,39993402.127777845
202207146.645821,14061521.622724611,26912262.032958206,179544.00743213683,10843527.397812184,39993402.127777845
202629584.9744675,14061521.622724611,26912262.032958206,179544.00743213683,10843527.397812184,39993402.127777845
203052905.83444124,14061521.622724611,26912262.032958206,179544.00743213683,10843527.397812184,39993402.127777845
203477111.06947064,14061521.622724611,26912262.032958206,179544.00743213683,10843527.397812184,39993402.127777845
203902202.5271359,14061521.622724611,26912262.032958206,179544.00743213683,10843527.397812184,39993402.127777845
204328182.05887705,14061521.622724611,26912262.032958206,179544.00743213683,10843527.397812184,39993402.127777845
204755051.52000207,14061521.622724611,26912262.032958206,179544.00743213683,10843527.397812184,39993402.127777845
205182812.7696949,14061521.622724611,26912262.032958206,179544.00743213683,10843527.397812184,39993402.127777845
205611467.67102358,14061521.622724611,26912262.032958206,179544.00743213683,10843527.397812184,39993402.127777845
206041018.09094834,14061521.622724611,26912262.032958206,179544.00743213683,10843527.397812184,39993402.127777845
206471465.90032977,14061521.622724611,26912262.032958206,179544.00743213683,10843527.397812184,39993402.127777845
206902812.97393692,14061521.622724611,26912262.032958206,179544.00743213683,10843527.397812184,39993402.127777845
207335061.1904555,14061521.622724611,26912262.032958206,179544.00743213683,10843527.397812184,39993402.127777845
207768212.43249607,14061521.622724611,26912262.032958206,179544.00743213683,10843527.397812184,39993402.127777845
208202268.58660215,14061521.622724611,26912262.032958206,179544.00743213683,10843527.397812184,39993402.127777845
208637231.5432586,14061521.622724611,26912262.032958206,179544.00743213683,10843527.397812184,39993402.127777845
209073103.19689974,14061521.622724611,26912262.032958206,179544.00743213683,10843527.397812184,39993402.127777845
209509885.44591755,14061521.622724611,26912262.032958206,179544.00743213683,10843527.397812184,39993402.127777845
209947580.19267005,14061521.622724611,26912262.032958206,179544.00743213683,10843527.397812184,39993402.127777845
210386189.34348962,14061521.622724611,26912262.032958206,179544.00743213683,10843527.397812184,39993402.127777845
210825714.80869108,14061521.622724611,26912262.032958206,179544.00743213683,10843527.397812184,39993402.127777845
211266158.5025803,14061521.622724611,26912262.032958206,179544.00743213683,10843527.397812184,39993402.127777845
211707522.34346235,14061521.622724611,26912262.032958206,179544.00743213683,10843527.397812184,39993402.127777845
212149808.25364983,14061521.622724611,26912262.032958206,179544.00743213683,10843527.397812184,39993402.127777845
212593018.15947142,14061521.622724611,26912262.032958206,179544.00743213683,10843527.397812184,39993402.127777845
213037153.9912801,14061521.622724611,26912262.032958206,179544.00743213683,10843527.397812184,39993402.127777845
213482217.68346164,14061521.622724611,26912262.032958206,179544.00743213683,10843527.397812184,39993402.127777845
213928211.174443,14061521.622724611,26912262.032958206,179544.00743213683,10843527.397812184,39993402.127777845
214375136.4067008,14061521.622724611,26912262.032958206,179544.00743213683,10843527.397812184,39993402.127777845
214822995.32676968,14061521.622724611,26912262.032958206,179544.00743213683,10843527.397812184,39993402.127777845
215271789.885251,14061521.622724611,26912262.032958206,179544.00743213683,10843527.397812184,39993402.127777845
215721522.036821,14061521.622724611,26912262.032958206,179544.00743213683,10843527.397812184,39993402.127777845
216172193.74023974,14061521.622724611,26912262.032958206,179544.00743213683,10843527.397812184,39993402.127777845
216623806.9583592,14061521.622724611,26912262.032958206,179544.00743213683,10843527.397812184,39993402.127777845
217076363.65813214,14061521.622724611,26912262.032958206,179544.00743213683,10843527.397812184,39993402.127777845
217529865.81062043,14061521.622724611,26912262.032958206,179544.00743213683,10843527.397812184,39993402.127777845
217984315.39100394,14061521.622724611,26912262.032958206,179544.00743213683,10843527.397812184,39993402.127777845
218439714.37858877,14061521.622724611,26912262.032958206,179544.00743213683,10843527.397812184,39993402.127777845
218896064.75681618,14061521.622724611,26912262.032958206,179544.00743213683,10843527.397812184,39993402.127777845
219353368.5132711,14061521.622724611,26912262.032958206,179544.00743213683,10843527.397812184,39993402.127777845
219811627.63969076,14061521.622724611,26912262.032958206,179544.00743213683,10843527.397812184,39993402.127777845
220270844.13197342,14061521.622724611,26912262.032958206,179544.00743213683,10843527.397812184,39993402.127777845
220731019.99018702,14061521.622724611,26912262.032958206,179544.00743213683,10843527.397812184,39993402.127777845
221192157.21857792,14061521.622724611,26912262.032958206,179544.00743213683,10843527.397812184,39993402.127777845
221654257.8255797,14061521.622724611,26912262.032958206,179544.00743213683,10843527.397812184,39993402.127777845
222117323.82382172,14061521.622724611,26912262.032958206,179544.00743213683,10843527.397812184,39993402.127777845
222581357.23013806,14061521.622724611,26912262.032958206,179544.00743213683,10843527.397812184,39993402.127777845
223046360.06557623,14061521.622724611,26912262.032958206,179544.00743213683,10843527.397812184,39993402.127777845
223512334.35540596,14061521.622724611,26912262.032958206,179544.00743213683,10843527.397812184,39993402.127777845
223979282.12912813,14061521.622724611,26912262.032958206,179544.00743213683,10843527.397812184,39993402.127777845
224447205.42048338,14061521.622724611,26912262.032958206,179544.00743213683,10843527.397812184,39993402.127777845
224916106.26746127,14061521.622724611,26912262.032958206,179544.00743213683,10843527.397812184,39993402.127777845
225385986.71230888,14061521.622724611,26912262.032958206,179544.00743213683,10843527.397812184,39993402.127777845
225856848.80153987,14061521.622724611,26912262.032958206,179544.00743213683,10843527.397812184,39993402.127777845
226328694.58594334,14061521.622724611,26912262.032958206,179544.00743213683,10843527.397812184,39993402.127777845
226801526.1205928,14061521.622724611,26912262.032958206,179544.00743213683,10843527.397812184,39993402.127777845
227275345.46485502,14061521.622724611,26912262.032958206,179544.00743213683,10843527.397812184,39993402.127777845
227750154.68239912,14061521.622724611,26912262.032958206,179544.00743213683,10843527.397812184,39993402.127777845
228225955.8412055,14061521.622724611,26912262.032958206,179544.00743213683,10843527.397812184,39993402.127777845
228702751.01357484,14061521.622724611,26912262.032958206,179544.00743213683,10843527.397812184,39993402.127777845
229180542.27613714,14061521.622724611,26912262.032958206,179544.00743213683,10843527.397812184,39993402.127777845
229659331.7098608,14061521.622724611,26912262.032958206,179544.00743213683,10843527.397812184,39993402.127777845
230139121.4000616,14061521.622724611,26912262.032958206,179544.00743213683,10843527.397812184,39993402.127777845
230619913.43641183,14061521.622724611,26912262.032958206,179544.00743213683,10843527.397812184,39993402.127777845
231101709.91294944,14061521.622724611,26912262.032958206,179544.00743213683,10843527.397812184,39993402.127777845
231584512.92808703,14061521.622724611,26912262.032958206,179544.00743213683,10843527.397812184,39993402.127777845
232068324.58462116,14061521.622724611,26912262.032958206,179544.00743213683,10843527.397812184,39993402.127777845
232553146.98974136,14061521.622724611,26912262.032958206,179544.00743213683,10843527.397812184,39993402.127777845
233038982.2550394,14061521.622724611,26912262.032958206,179544.00743213683,10843527.397812184,39993402.127777845
233525832.4965184,14061521.622724611,26912262.032958206,179544.00743213683,10843527.397812184,39993402.127777845
234013699.83460215,14061521.622724611,26912262.032958206,179544.00743213683,10843527.397812184,39993402.127777845
234502586.39414433,14061521.622724611,26912262.032958206,179544.00743213683,10843527.397812184,39993402.127777845
234992494.3044376,14061521.622724611,26912262.032958206,179544.00743213683,10843527.397812184,39993402.127777845
235483425.69922316,14061521.622724611,26912262.032958206,179544.00743213683,10843527.397812184,39993402.127777845
235975382.71669975,14061521.622724611,26912262.032958206,179544.00743213683,10843527.397812184,39993402.127777845
236468367.49953318,14061521.622724611,26912262.032958206,179544.00743213683,10843527.397812184,39993402.127777845
236962382.19486558,14061521.622724611,26912262.032958206,179544.00743213683,10843527.397812184,39993402.127777845
237457428.95432472,14061521.622724611,26912262.032958206,179544.00743213683,10843527.397812184,39993402.127777845
237953509.9340334,14061521.622724611,26912262.032958206,179544.00743213683,10843527.397812184,39993402.127777845
238450627.29461893,14061521.622724611,26912262.032958206,179544.00743213683,10843527.397812184,39993402.127777845
238948783.2012224,14061521.622724611,26912262.032958206,179544.00743213683,10843527.397812184,39993402.127777845
239447979.82350814,14061521.622724611,26912262.032958206,179544.00743213683,10843527.397812184,39993402.127777845
239948219.33567336,14061521.622724611,26912262.032958206,179544.00743213683,10843527.397812184,39993402.127777845
240449503.9164573,14061521.622724611,26912262.032958206,179544.00743213683,10843527.397812184,39993402.127777845
240951835.74915093,14061521.622724611,26912262.032958206,179544.00743213683,10843527.397812184,39993402.127777845
241455217.02160645,14061521.622724611,26912262.032958206,179544.00743213683,10843527.397812184,39993402.127777845
241959649.9262468,14061521.622724611,26912262.032958206,179544.00743213683,10843527.397812184,39993402.127777845
242465136.66007507,14061521.622724611,26912262.032958206,179544.00743213683,10843527.397812184,39993402.127777845
242971679.42468435,14061521.622724611,26912262.032958206,179544.00743213683,10843527.397812184,39993402.127777845
243479280.42626703,14061521.622724611,26912262.032958206,179544.00743213683,10843527.397812184,39993402.127777845
243987941.87562463,14061521.622724611,26912262.032958206,179544.00743213683,10843527.397812184,39993402.127777845
244497665.98817724,14061521.622724611,26912262.032958206,179544.00743213683,10843527.397812184,39993402.127777845
245008454.98397332,14061521.622724611,26912262.032958206,179544.00743213683,10843527.397812184,39993402.127777845
245520311.08769938,14061521.622724611,26912262.032958206,179544.00743213683,10843527.397812184,39993402.127777845
246033236.52868944,14061521.622724611,26912262.032958206,179544.00743213683,10843527.397812184,39993402.127777845
246547233.5409351,14061521.622724611,26912262.032958206,179544.00743213683,10843527.397812184,39993402.127777845
247062304.3630949,14061521.622724611,26912262.032958206,179544.00743213683,10843527.397812184,39993402.127777845
247578451.23850432,14061521.622724611,26912262.032958206,179544.00743213683,10843527.397812184,39993402.127777845
248095676.4151855,14061521.622724611,26912262.032958206,179544.00743213683,10843527.397812184,39993402.127777845
248613982.14585695,14061521.622724611,26912262.032958206,179544.00743213683,10843527.397812184,39993402.127777845
249133370.68794346,14061521.622724611,26912262.032958206,179544.00743213683,10843527.397812184,39993402.127777845
249653844.30358586,14061521.622724611,26912262.032958206,179544.00743213683,10843527.397812184,39993402.127777845
250175405.25965092,14061521.622724611,26912262.032958206,179544.00743213683,10843527.397812184,39993402.127777845
250698055.82774115,14061521.622724611,26912262.032958206,179544.00743213683,10843527.397812184,39993402.127777845
251221798.28420484,14061521.622724611,26912262.032958206,179544.00743213683,10843527.397812184,39993402.127777845
251746634.91014582,14061521.622724611,26912262.032958206,179544.00743213683,10843527.397812184,39993402.127777845
252272567.9914335,14061521.622724611,26912262.032958206,179544.00743213683,10843527.397812184,39993402.127777845
252799599.81871268,14061521.622724611,26912262.032958206,179544.00743213683,10843527.397812184,39993402.127777845
253327732.68741378,14061521.622724611,26912262.032958206,179544.00743213683,10843527.397812184,39993402.127777845
253856968.89776257,14061521.622724611,26912262.032958206,179544.00743213683,10843527.397812184,39993402.127777845
254387310.75479037,14061521.622724611,26912262.032958206,179544.00743213683,10843527.397812184,39993402.127777845
254918760.568344,14061521.622724611,26912262.032958206,179544.00743213683,10843527.397812184,39993402.127777845
255451320.65309584,14061521.622724611,26912262.032958206,179544.00743213683,10843527.397812184,39993402.127777845
255984993.32855397,14061521.622724611,26912262.032958206,179544.00743213683,10843527.397812184,39993402.127777845
256519780.91907227,14061521.622724611,26912262.032958206,179544.00743213683,10843527.397812184,39993402.127777845
257055685.75386044,14061521.622724611,26912262.032958206,179544.00743213683,10843527.397812184,39993402.127777845
257592710.1669943,14061521.622724611,26912262.032958206,179544.00743213683,10843527.397812184,39993402.127777845
258130856.49742576,14061521.622724611,26912262.032958206,179544.00743213683,10843527.397812184,39993402.127777845
258670127.08899322,14061521.622724611,26912262.032958206,179544.00743213683,10843527.397812184,39993402.127777845
259210524.29043165,14061521.622724611,26912262.032958206,179544.00743213683,10843527.397812184,39993402.127777845
259752050.45538282,14061521.622724611,26912262.032958206,179544.00743213683,10843527.397812184,39993402.127777845
260294707.9424056,14061521.622724611,26912262.032958206,179544.00743213683,10843527.397812184,39993402.127777845
260838499.11498627,14061521.622724611,26912262.032958206,179544.00743213683,10843527.397812184,39993402.127777845
261383426.34154862,14061521.622724611,26912262.032958206,179544.00743213683,10843527.397812184,39993402.127777845
261929491.99546453,14061521.622724611,26912262.032958206,179544.00743213683,10843527.397812184,39993402.127777845
262476698.4550641,14061521.622724611,26912262.032958206,179544.00743213683,10843527.397812184,39993402.127777845
263025048.1036461,14061521.622724611,26912262.032958206,179544.00743213683,10843527.397812184,39993402.127777845
263574543.32948837,14061521.622724611,26912262.032958206,179544.00743213683,10843527.397812184,39993402.127777845
264125186.5258582,14061521.622724611,26912262.032958206,179544.00743213683,10843527.397812184,39993402.127777845
264676980.09102264,14061521.622724611,26912262.032958206,179544.00743213683,10843527.397812184,39993402.127777845
265229926.42825913,14061521.622724611,26912262.032958206,179544.00743213683,10843527.397812184,39993402.127777845
265784027.94586593,14061521.622724611,26912262.032958206,179544.00743213683,10843527.397812184,39993402.127777845
266339287.05717245,14061521.622724611,26912262.032958206,179544.00743213683,10843527.397812184,39993402.127777845
266895706.18054992,14061521.622724611,26912262.032958206,179544.00743213683,10843527.397812184,39993402.127777845
267453287.73942193,14061521.622724611,26912262.032958206,179544.00743213683,10843527.397812184,39993402.127777845
268012034.16227487,14061521.622724611,26912262.032958206,179544.00743213683,10843527.397812184,39993402.127777845
268571947.88266855,14061521.622724611,26912262.032958206,179544.00743213683,10843527.397812184,39993402.127777845
269133031.339247,14061521.622724611,26912262.032958206,179544.00743213683,10843527.397812184,39993402.127777845
269695286.97574854,14061521.622724611,26912262.032958206,179544.00743213683,10843527.397812184,39993402.127777845
270258717.2410172,14061521.622724611,26912262.032958206,179544.00743213683,10843527.397812184,39993402.127777845
270823324.58901274,14061521.622724611,26912262.032958206,179544.00743213683,10843527.397812184,39993402.127777845
271389111.47882164,14061521.622724611,26912262.032958206,179544.00743213683,10843527.397812184,39993402.127777845
271956080.3746677,14061521.622724611,26912262.032958206,179544.00743213683,10843527.397812184,39993402.127777845
272524233.745923,14061521.622724611,26912262.032958206,179544.00743213683,10843527.397812184,39993402.127777845
273093574.06711817,14061521.622724611,26912262.032958206,179544.00743213683,10843527.397812184,39993402.127777845
273664103.8179537,14061521.622724611,26912262.032958206,179544.00743213683,10843527.397812184,39993402.127777845
274235825.4833105,14061521.622724611,26912262.032958206,179544.00743213683,10843527.397812184,39993402.127777845
274808741.5532607,14061521.622724611,26912262.032958206,179544.00743213683,10843527.397812184,39993402.127777845
275382854.52307844,14061521.622724611,26912262.032958206,179544.00743213683,10843527.397812184,39993402.127777845
275958166.893251,14061521.622724611,26912262.032958206,179544.00743213683,10843527.397812184,39993402.127777845
276534681.1694893,14061521.622724611,26912262.032958206,179544.00743213683,10843527.397812184,39993402.127777845
277112399.8627393,14061521.622724611,26912262.032958206,179544.00743213683,10843527.397812184,39993402.127777845
277691325.4891924,14061521.622724611,26912262.032958206,179544.00743213683,10843527.397812184,39993402.127777845
278271460.57029694,14061521.622724611,26912262.032958206,179544.00743213683,10843527.397812184,39993402.127777845
278852807.6327687,14061521.622724611,26912262.032958206,179544.00743213683,10843527.397812184,39993402.127777845
279435369.2086021,14061521.622724611,26912262.032958206,179544.00743213683,10843527.397812184,39993402.127777845
280019147.8350814,14061521.622724611,26912262.032958206,179544.00743213683,10843527.397812184,39993402.127777845
280604146.0547915,14061521.622724611,26912262.032958206,179544.00743213683,10843527.397812184,39993402.127777845
281190366.41562915,14061521.622724611,26912262.032958206,179544.00743213683,10843527.397812184,39993402.127777845
281777811.47081393,14061521.622724611,26912262.032958206,179544.00743213683,10843527.397812184,39993402.127777845
282366483.77889955,14061521.622724611,26912262.032958206,179544.00743213683,10843527.397812184,39993402.127777845
282956385.90378475,14061521.622724611,26912262.032958206,179544.00743213683,10843527.397812184,39993402.127777845
283547520.41472477,14061521.622724611,26912262.032958206,179544.00743213683,10843527.397812184,39993402.127777845
284139889.88634217,14061521.622724611,26912262.032958206,179544.00743213683,10843527.397812184,39993402.127777845
284733496.8986385,14061521.622724611,26912262.032958206,179544.00743213683,10843527.397812184,39993402.127777845
285328344.037005,14061521.622724611,26912262.032958206,179544.00743213683,10843527.397812184,39993402.127777845
285924433.89223444,14061521.622724611,26912262.032958206,179544.00743213683,10843527.397812184,39993402.127777845
286521769.0605319,14061521.622724611,26912262.032958206,179544.00743213683,10843527.397812184,39993402.127777845
287120352.1435264,14061521.622724611,26912262.032958206,179544.00743213683,10843527.397812184,39993402.127777845
287720185.74828196,14061521.622724611,26912262.032958206,179544.00743213683,10843527.397812184,39993402.127777845
288321272.48730934,14061521.622724611,26912262.032958206,179544.00743213683,10843527.397812184,39993402.127777845
288923614.978577,14061521.622724611,26912262.032958206,179544.00743213683,10843527.397812184,39993402.127777845
289527215.8455228,14061521.622724611,26912262.032958206,179544.00743213683,10843527.397812184,39993402.127777845
290132077.7170653,14061521.622724611,26912262.032958206,179544.00743213683,10843527.397812184,39993402.127777845
290738203.2276152,14061521.622724611,26912262.032958206,179544.00743213683,10843527.397812184,39993402.127777845
291345595.0170868,14061521.622724611,26912262.032958206,179544.00743213683,10843527.397812184,39993402.127777845
291954255.7309097,14061521.622724611,26912262.032958206,179544.00743213683,10843527.397812184,39993402.127777845
292564188.02004004,14061521.622724611,26912262.032958206,179544.00743213683,10843527.397812184,39993402.127777845
293175394.5409721,14061521.622724611,26912262.032958206,179544.00743213683,10843527.397812184,39993402.127777845
293787877.9557502,14061521.622724611,26912262.032958206,179544.00743213683,10843527.397812184,39993402.127777845
294401640.9319798,14061521.622724611,26912262.032958206,179544.00743213683,10843527.397812184,39993402.127777845
295016686.1428394,14061521.622724611,26912262.032958206,179544.00743213683,10843527.397812184,39993402.127777845
295633016.2670921,14061521.622724611,26912262.032958206,179544.00743213683,10843527.397812184,39993402.127777845
296250633.9890974,14061521.622724611,26912262.032958206,179544.00743213683,10843527.397812184,39993402.127777845
296869541.99882287,14061521.622724611,26912262.032958206,179544.00743213683,10843527.397812184,39993402.127777845
297489742.99185544,14061521.622724611,26912262.032958206,179544.00743213683,10843527.397812184,39993402.127777845
298111239.6694139,14061521.622724611,26912262.032958206,179544.00743213683,10843527.397812184,39993402.127777845
298734034.73836005,14061521.622724611,26912262.032958206,179544.00743213683,10843527.397812184,39993402.127777845
299358130.91121066,14061521.622724611,26912262.032958206,179544.00743213683,10843527.397812184,39993402.127777845
299983530.9061494,14061521.622724611,26912262.032958206,179544.00743213683,10843527.397812184,39993402.127777845
300610237.44703853,14061521.622724611,26912262.032958206,179544.00743213683,10843527.397812184,39993402.127777845
301238253.26343095,14061521.622724611,26912262.032958206,179544.00743213683,10843527.397812184,39993402.127777845
301867581.09058183,14061521.622724611,26912262.032958206,179544.00743213683,10843527.397812184,39993402.127777845
302498223.6694607,14061521.622724611,26912262.032958206,179544.00743213683,10843527.397812184,39993402.127777845
303130183.74676347,14061521.622724611,26912262.032958206,179544.00743213683,10843527.397812184,39993402.127777845
303763464.07492405,14061521.622724611,26912262.032958206,179544.00743213683,10843527.397812184,39993402.127777845
304398067.41212684,14061521.622724611,26912262.032958206,179544.00743213683,10843527.397812184,39993402.127777845
305033996.5223181,14061521.622724611,26912262.032958206,179544.00743213683,10843527.397812184,39993402.127777845
305671254.17521876,14061521.622724611,26912262.032958206,179544.00743213683,10843527.397812184,39993402.127777845
306309843.1463357,14061521.622724611,26912262.032958206,179544.00743213683,10843527.397812184,39993402.127777845
306949766.21697456,14061521.622724611,26912262.032958206,179544.00743213683,10843527.397812184,39993402.127777845
307591026.1742512,14061521.622724611,26912262.032958206,179544.00743213683,10843527.397812184,39993402.127777845
308233625.81110436,14061521.622724611,26912262.032958206,179544.00743213683,10843527.397812184,39993402.127777845
308877567.92630744,14061521.622724611,26912262.032958206,179544.00743213683,10843527.397812184,39993402.127777845
309522855.324481,14061521.622724611,26912262.032958206,179544.00743213683,10843527.397812184,39993402.127777845
310169490.81610477,14061521.622724611,26912262.032958206,179544.00743213683,10843527.397812184,39993402.127777845
310817477.21753,14061521.622724611,26912262.032958206,179544.00743213683,10843527.397812184,39993402.127777845
311466817.35099167,14061521.622724611,26912262.032958206,179544.00743213683,10843527.397812184,39993402.127777845
312117514.0446207,14061521.622724611,26912262.032958206,179544.00743213683,10843527.397812184,39993402.127777845
312769570.1324565,14061521.622724611,26912262.032958206,179544.00743213683,10843527.397812184,39993402.127777845
313422988.454459,14061521.622724611,26912262.032958206,179544.00743213683,10843527.397812184,39993402.127777845
314077771.8565215,14061521.622724611,26912262.032958206,179544.00743213683,10843527.397812184,39993402.127777845
314733923.1904824,14061521.622724611,26912262.032958206,179544.00743213683,10843527.397812184,39993402.127777845
315391445.3141382,14061521.622724611,26912262.032958206,179544.00743213683,10843527.397812184,39993402.127777845
316050341.09125566,14061521.622724611,26912262.032958206,179544.00743213683,10843527.397812184,39993402.127777845
316710613.3915844,14061521.622724611,26912262.032958206,179544.00743213683,10843527.397812184,39993402.127777845
317372265.09086925,14061521.622724611,26912262.032958206,179544.00743213683,10843527.397812184,39993402.127777845
318035299.0708629,14061521.622724611,26912262.032958206,179544.00743213683,10843527.397812184,39993402.127777845
318699718.2193384,14061521.622724611,26912262.032958206,179544.00743213683,10843527.397812184,39993402.127777845
319365525.4301019,14061521.622724611,26912262.032958206,179544.00743213683,10843527.397812184,39993402.127777845
320032723.60300475,14061521.622724611,26912262.032958206,179544.00743213683,10843527.397812184,39993402.127777845
320701315.6439569,14061521.622724611,26912262.032958206,179544.00743213683,10843527.397812184,39993402.127777845
321371304.4649389,14061521.622724611,26912262.032958206,179544.00743213683,10843527.397812184,39993402.127777845
322042692.98401487,14061521.622724611,26912262.032958206,179544.00743213683,10843527.397812184,39993402.127777845
322715484.1253452,14061521.622724611,26912262.032958206,179544.00743213683,10843527.397812184,39993402.127777845
323389680.8191991,14061521.622724611,26912262.032958206,179544.00743213683,10843527.397812184,39993402.127777845
324065286.0019678,14061521.622724611,26912262.032958206,179544.00743213683,10843527.397812184,39993402.127777845
324742302.6161768,14061521.622724611,26912262.032958206,179544.00743213683,10843527.397812184,39993402.127777845
325420733.6104991,14061521.622724611,26912262.032958206,179544.00743213683,10843527.397812184,39993402.127777845
326100581.9397677,14061521.622724611,26912262.032958206,179544.00743213683,10843527.397812184,39993402.127777845
326781850.5649888,14061521.622724611,26912262.032958206,179544.00743213683,10843527.397812184,39993402.127777845
327464542.45335454,14061521.622724611,26912262.032958206,179544.00743213683,10843527.397812184,39993402.127777845
328148660.5782559,14061521.622724611,26912262.032958206,179544.00743213683,10843527.397812184,39993402.127777845
328834207.91929555,14061521.622724611,26912262.032958206,179544.00743213683,10843527.397812184,39993402.127777845
329521187.4623012,14061521.622724611,26912262.032958206,179544.00743213683,10843527.397812184,39993402.127777845
330209602.1993382,14061521.622724611,26912262.032958206,179544.00743213683,10843527.397812184,39993402.127777845
330899455.1287227,14061521.622724611,26912262.032958206,179544.00743213683,10843527.397812184,39993402.127777845
331590749.255035,14061521.622724611,26912262.032958206,179544.00743213683,10843527.397812184,39993402.127777845
332283487.589132,14061521.622724611,26912262.032958206,179544.00743213683,10843527.397812184,39993402.127777845
332977673.14816093,14061521.622724611,26912262.032958206,179544.00743213683,10843527.397812184,39993402.127777845
333673308.9555723,14061521.622724611,26912262.032958206,179544.00743213683,10843527.397812184,39993402.127777845
334370398.0411328,14061521.622724611,26912262.032958206,179544.00743213683,10843527.397812184,39993402.127777845
335068943.44093895,14061521.622724611,26912262.032958206,179544.00743213683,10843527.397812184,39993402.127777845
335768948.1974299,14061521.622724611,26912262.032958206,179544.00743213683,10843527.397812184,39993402.127777845
336470415.359401,14061521.622724611,26912262.032958206,179544.00743213683,10843527.397812184,39993402.127777845
337173347.9820168,14061521.622724611,26912262.032958206,179544.00743213683,10843527.397812184,39993402.127777845
337877749.1268248,14061521.622724611,26912262.032958206,179544.00743213683,10843527.397812184,39993402.127777845
338583621.8617681,14061521.622724611,26912262.032958206,179544.00743213683,10843527.397812184,39993402.127777845
339290969.26119953,14061521.622724611,26912262.032958206,179544.00743213683,10843527.397812184,39993402.127777845
339999794.40589434,14061521.622724611,26912262.032958206,179544.00743213683,10843527.397812184,39993402.127777845
340710100.38306415,14061521.622724611,26912262.032958206,179544.00743213683,10843527.397812184,39993402.127777845
341421890.2863701,14061521.622724611,26912262.032958206,179544.00743213683,10843527.397812184,39993402.127777845
342135167.2159364,14061521.622724611,26912262.032958206,179544.00743213683,10843527.397812184,39993402.127777845
342849934.27836394,14061521.622724611,26912262.032958206,179544.00743213683,10843527.397812184,39993402.127777845
343566194.58674365,14061521.622724611,26912262.032958206,179544.00743213683,10843527.397812184,39993402.127777845
344283951.2606701,14061521.622724611,26912262.032958206,179544.00743213683,10843527.397812184,39993402.127777845
345003207.42625517,14061521.622724611,26912262.032958206,179544.00743213683,10843527.397812184,39993402.127777845
345723966.2161416,14061521.622724611,26912262.032958206,179544.00743213683,10843527.397812184,39993402.127777845
346446230.7695166,14061521.622724611,26912262.032958206,179544.00743213683,10843527.397812184,39993402.127777845
347170004.2321257,14061521.622724611,26912262.032958206,179544.00743213683,10843527.397812184,39993402.127777845
347895289.7562862,14061521.622724611,26912262.032958206,179544.00743213683,10843527.397812184,39993402.127777845
348622090.5009011,14061521.622724611,26912262.032958206,179544.00743213683,10843527.397812184,39993402.127777845
349350409.6314727,14061521.622724611,26912262.032958206,179544.00743213683,10843527.397812184,39993402.127777845
350080250.3201165,14061521.622724611,26912262.032958206,179544.00743213683,10843527.397812184,39993402.127777845
350811615.7455751,14061521.622724611,26912262.032958206,179544.00743213683,10843527.397812184,39993402.127777845
351544509.0932316,14061521.622724611,26912262.032958206,179544.00743213683,10843527.397812184,39993402.127777845
352278933.5551242,14061521.622724611,26912262.032958206,179544.00743213683,10843527.397812184,39993402.127777845
353014892.3299595,14061521.622724611,26912262.032958206,179544.00743213683,10843527.397812184,39993402.127777845
353752388.6231266,14061521.622724611,26912262.032958206,179544.00743213683,10843527.397812184,39993402.127777845
354491425.6467112,14061521.622724611,26912262.032958206,179544.00743213683,10843527.397812184,39993402.127777845
355232006.6195094,14061521.622724611,26912262.032958206,179544.00743213683,10843527.397812184,39993402.127777845
355974134.76704186,14061521.622724611,26912262.032958206,179544.00743213683,10843527.397812184,39993402.127777845
356717813.3215678,14061521.622724611,26912262.032958206,179544.00743213683,10843527.397812184,39993402.127777845
357463045.52209896,14061521.622724611,26912262.032958206,179544.00743213683,10843527.397812184,39993402.127777845
358209834.6144139,14061521.622724611,26912262.032958206,179544.00743213683,10843527.397812184,39993402.127777845
358958183.85107225,14061521.622724611,26912262.032958206,179544.00743213683,10843527.397812184,39993402.127777845
359708096.49142826,14061521.622724611,26912262.032958206,179544.00743213683,10843527.397812184,39993402.127777845
360459575.80164576,14061521.622724611,26912262.032958206,179544.00743213683,10843527.397812184,39993402.127777845
361212625.05471194,14061521.622724611,26912262.032958206,179544.00743213683,10843527.397812184,39993402.127777845
361967247.5304516,14061521.622724611,26912262.032958206,179544.00743213683,10843527.397812184,39993402.127777845
362723446.5155417,14061521.622724611,26912262.032958206,179544.00743213683,10843527.397812184,39993402.127777845
363481225.30352545,14061521.622724611,26912262.032958206,179544.00743213683,10843527.397812184,39993402.127777845
364240587.1948267,14061521.622724611,26912262.032958206,179544.00743213683,10843527.397812184,39993402.127777845
365001535.49676436,14061521.622724611,26912262.032958206,179544.00743213683,10843527.397812184,39993402.127777845
365764073.52356684,14061521.622724611,26912262.032958206,179544.00743213683,10843527.397812184,39993402.127777845
366528204.59638625,14061521.622724611,26912262.032958206,179544.00743213683,10843527.397812184,39993402.127777845
367293932.04331326,14061521.622724611,26912262.032958206,179544.00743213683,10843527.397812184,39993402.127777845
368061259.19939125,14061521.622724611,26912262.032958206,179544.00743213683,10843527.397812184,39993402.127777845
368830189.40663093,14061521.622724611,26912262.032958206,179544.00743213683,10843527.397812184,39993402.127777845
369600726.014025,14061521.622724611,26912262.032958206,179544.00743213683,10843527.397812184,39993402.127777845
370372872.37756264,14061521.622724611,26912262.032958206,179544.00743213683,10843527.397812184,39993402.127777845
371146631.86024415,14061521.622724611,26912262.032958206,179544.00743213683,10843527.397812184,39993402.127777845
371922007.8320956,14061521.622724611,26912262.032958206,179544.00743213683,10843527.397812184,39993402.127777845
372699003.6701836,14061521.622724611,26912262.032958206,179544.00743213683,10843527.397812184,39993402.127777845
373477622.7586296,14061521.622724611,26912262.032958206,179544.00743213683,10843527.397812184,39993402.127777845
374257868.48862535,14061521.622724611,26912262.032958206,179544.00743213683,10843527.397812184,39993402.127777845
375039744.258447,14061521.622724611,26912262.032958206,179544.00743213683,10843527.397812184,39993402.127777845
375823253.47347015,14061521.622724611,26912262.032958206,179544.00743213683,10843527.397812184,39993402.127777845
376608399.5461849,14061521.622724611,26912262.032958206,179544.00743213683,10843527.397812184,39993402.127777845
377395185.8962104,14061521.622724611,26912262.032958206,179544.00743213683,10843527.397812184,39993402.127777845
378183615.95030963,14061521.622724611,26912262.032958206,179544.00743213683,10843527.397812184,39993402.127777845
378973693.142405,14061521.622724611,26912262.032958206,179544.00743213683,10843527.397812184,39993402.127777845
379765420.9135924,14061521.622724611,26912262.032958206,179544.00743213683,10843527.397812184,39993402.127777845
380558802.71215695,14061521.622724611,26912262.032958206,179544.00743213683,10843527.397812184,39993402.127777845
381353841.9935876,14061521.622724611,26912262.032958206,179544.00743213683,10843527.397812184,39993402.127777845
382150542.22059226,14061521.622724611,26912262.032958206,179544.00743213683,10843527.397812184,39993402.127777845
382948906.863113,14061521.622724611,26912262.032958206,179544.00743213683,10843527.397812184,39993402.127777845
383748939.3983409,14061521.622724611,26912262.032958206,179544.00743213683,10843527.397812184,39993402.127777845
384550643.3107315,14061521.622724611,26912262.032958206,179544.00743213683,10843527.397812184,39993402.127777845
385354022.09201986,14061521.622724611,26912262.032958206,179544.00743213683,10843527.397812184,39993402.127777845
386159079.24123573,14061521.622724611,26912262.032958206,179544.00743213683,10843527.397812184,39993402.127777845
386965818.2647188,14061521.622724611,26912262.032958206,179544.00743213683,10843527.397812184,39993402.127777845
387774242.6761338,14061521.622724611,26912262.032958206,179544.00743213683,10843527.397812184,39993402.127777845
388584355.9964864,14061521.622724611,26912262.032958206,179544.00743213683,10843527.397812184,39993402.127777845
389396161.75413775,14061521.622724611,26912262.032958206,179544.00743213683,10843527.397812184,39993402.127777845
390209663.4848204,14061521.622724611,26912262.032958206,179544.00743213683,10843527.397812184,39993402.127777845
391024864.7316535,14061521.622724611,26912262.032958206,179544.00743213683,10843527.397812184,39993402.127777845
391841769.0451583,14061521.622724611,26912262.032958206,179544.00743213683,10843527.397812184,39993402.127777845
392660379.98327345,14061521.622724611,26912262.032958206,179544.00743213683,10843527.397812184,39993402.127777845
393480701.11137074,14061521.622724611,26912262.032958206,179544.00743213683,10843527.397812184,39993402.127777845
394302736.00227046,14061521.622724611,26912262.032958206,179544.00743213683,10843527.397812184,39993402.127777845
395126488.23625696,14061521.622724611,26912262.032958206,179544.00743213683,10843527.397812184,39993402.127777845
395951961.40109444,14061521.622724611,26912262.032958206,179544.00743213683,10843527.397812184,39993402.127777845
396779159.0920423,14061521.622724611,26912262.032958206,179544.00743213683,10843527.397812184,39993402.127777845
397608084.911871,14061521.622724611,26912262.032958206,179544.00743213683,10843527.397812184,39993402.127777845
398438742.4708776,14061521.622724611,26912262.032958206,179544.00743213683,10843527.397812184,39993402.127777845
399271135.3869016,14061521.622724611,26912262.032958206,179544.00743213683,10843527.397812184,39993402.127777845
400105267.28534067,14061521.622724611,26912262.032958206,179544.00743213683,10843527.397812184,39993402.127777845
400941141.7991665,14061521.622724611,26912262.032958206,179544.00743213683,10843527.397812184,39993402.127777845
401778762.5689404,14061521.622724611,26912262.032958206,179544.00743213683,10843527.397812184,39993402.127777845
402618133.24282944,14061521.622724611,26912262.032958206,179544.00743213683,10843527.397812184,39993402.127777845
403459257.4766221,14061521.622724611,26912262.032958206,179544.00743213683,10843527.397812184,39993402.127777845
404302138.93374443,14061521.622724611,26912262.032958206,179544.00743213683,10843527.397812184,39993402.127777845
405146781.2852758,14061521.622724611,26912262.032958206,179544.00743213683,10843527.397812184,39993402.127777845
405993188.209965,14061521.622724611,26912262.032958206,179544.00743213683,10843527.397812184,39993402.127777845
406841363.3942461,14061521.622724611,26912262.032958206,179544.00743213683,10843527.397812184,39993402.127777845
407691310.5322548,14061521.622724611,26912262.032958206,179544.00743213683,10843527.397812184,39993402.127777845
408543033.32584435,14061521.622724611,26912262.032958206,179544.00743213683,10843527.397812184,39993402.127777845
409396535.48460156,14061521.622724611,26912262.032958206,179544.00743213683,10843527.397812184,39993402.127777845
410251820.7258631,14061521.622724611,26912262.032958206,179544.00743213683,10843527.397812184,39993402.127777845
411108892.77473176,14061521.622724611,26912262.032958206,179544.00743213683,10843527.397812184,39993402.127777845
411967755.3640924,14061521.622724611,26912262.032958206,179544.00743213683,10843527.397812184,39993402.127777845
412828412.2346287,14061521.622724611,26912262.032958206,179544.00743213683,10843527.397812184,39993402.127777845
413690867.13483876,14061521.622724611,26912262.032958206,179544.00743213683,10843527.397812184,39993402.127777845
414555123.821052,14061521.622724611,26912262.032958206,179544.00743213683,10843527.397812184,39993402.127777845
415421186.0574454,14061521.622724611,26912262.032958206,179544.00743213683,10843527.397812184,39993402.127777845
416289057.61605966,14061521.622724611,26912262.032958206,179544.00743213683,10843527.397812184,39993402.127777845
417158742.2768159,14061521.622724611,26912262.032958206,179544.00743213683,10843527.397812184,39993402.127777845
418030243.8275319,14061521.622724611,26912262.032958206,179544.00743213683,10843527.397812184,39993402.127777845
418903566.0639388,14061521.622724611,26912262.032958206,179544.00743213683,10843527.397812184,39993402.127777845
419778712.7896975,14061521.622724611,26912262.032958206,179544.00743213683,10843527.397812184,39993402.127777845
420655687.81641537,14061521.622724611,26912262.032958206,179544.00743213683,10843527.397812184,39993402.127777845
421534494.96366256,14061521.622724611,26912262.032958206,179544.00743213683,10843527.397812184,39993402.127777845
422415138.058989,14061521.622724611,26912262.032958206,179544.00743213683,10843527.397812184,39993402.127777845
423297620.9379407,14061521.622724611,26912262.032958206,179544.00743213683,10843527.397812184,39993402.127777845
424181947.44407684,14061521.622724611,26912262.032958206,179544.00743213683,10843527.397812184,39993402.127777845
425068121.42898625,14061521.622724611,26912262.032958206,179544.00743213683,10843527.397812184,39993402.127777845
425956146.75230426,14061521.622724611,26912262.032958206,179544.00743213683,10843527.397812184,39993402.127777845
426846027.2817295,14061521.622724611,26912262.032958206,179544.00743213683,10843527.397812184,39993402.127777845
427737766.8930407,14061521.622724611,26912262.032958206,179544.00743213683,10843527.397812184,39993402.127777845
428631369.4701137,14061521.622724611,26912262.032958206,179544.00743213683,10843527.397812184,39993402.127777845
429526838.9049382,14061521.622724611,26912262.032958206,179544.00743213683,10843527.397812184,39993402.127777845
430424179.0976349,14061521.622724611,26912262.032958206,179544.00743213683,10843527.397812184,39993402.127777845
431323393.95647234,14061521.622724611,26912262.032958206,179544.00743213683,10843527.397812184,39993402.127777845
432224487.39788395,14061521.622724611,26912262.032958206,179544.00743213683,10843527.397812184,39993402.127777845
433127463.34648514,14061521.622724611,26912262.032958206,179544.00743213683,10843527.397812184,39993402.127777845
434032325.7350904,14061521.622724611,26912262.032958206,179544.00743213683,10843527.397812184,39993402.127777845
434939078.5047303,14061521.622724611,26912262.032958206,179544.00743213683,10843527.397812184,39993402.127777845
435847725.6046689,14061521.622724611,26912262.032958206,179544.00743213683,10843527.397812184,39993402.127777845
436758270.99242073,14061521.622724611,26912262.032958206,179544.00743213683,10843527.397812184,39993402.127777845
437670718.6337682,14061521.622724611,26912262.032958206,179544.00743213683,10843527.397812184,39993402.127777845
438585072.5027786,14061521.622724611,26912262.032958206,179544.00743213683,10843527.397812184,39993402.127777845
439501336.58182174,14061521.622724611,26912262.032958206,179544.00743213683,10843527.397812184,39993402.127777845
440419514.8615871,14061521.622724611,26912262.032958206,179544.00743213683,10843527.397812184,39993402.127777845
441339611.3411013,14061521.622724611,26912262.032958206,179544.00743213683,10843527.397812184,39993402.127777845
442261630.02774537,14061521.622724611,26912262.032958206,179544.00743213683,10843527.397812184,39993402.127777845
443185574.9372724,14061521.622724611,26912262.032958206,179544.00743213683,10843527.397812184,39993402.127777845
444111450.0938249,14061521.622724611,26912262.032958206,179544.00743213683,10843527.397812184,39993402.127777845
445039259.5299524,14061521.622724611,26912262.032958206,179544.00743213683,10843527.397812184,39993402.127777845
445969007.2866289,14061521.622724611,26912262.032958206,179544.00743213683,10843527.397812184,39993402.127777845
446900697.4132706,14061521.622724611,26912262.032958206,179544.00743213683,10843527.397812184,39993402.127777845
447834333.96775347,14061521.622724611,26912262.032958206,179544.00743213683,10843527.397812184,39993402.127777845
448769921.0164309,14061521.622724611,26912262.032958206,179544.00743213683,10843527.397812184,39993402.127777845
449707462.6341516,14061521.622724611,26912262.032958206,179544.00743213683,10843527.397812184,39993402.127777845
450646962.90427697,14061521.622724611,26912262.032958206,179544.00743213683,10843527.397812184,39993402.127777845
451588425.9186992,14061521.622724611,26912262.032958206,179544.00743213683,10843527.397812184,39993402.127777845
452531855.77785915,14061521.622724611,26912262.032958206,179544.00743213683,10843527.397812184,39993402.127777845
453477256.5907638,14061521.622724611,26912262.032958206,179544.00743213683,10843527.397812184,39993402.127777845
454424632.4750047,14061521.622724611,26912262.032958206,179544.00743213683,10843527.397812184,39993402.127777845
455373987.5567752,14061521.622724611,26912262.032958206,179544.00743213683,10843527.397812184,39993402.127777845
456325325.97088933,14061521.622724611,26912262.032958206,179544.00743213683,10843527.397812184,39993402.127777845
457278651.86079895,14061521.622724611,26912262.032958206,179544.00743213683,10843527.397812184,39993402.127777845
458233969.3786123,14061521.622724611,26912262.032958206,179544.00743213683,10843527.397812184,39993402.127777845
459191282.6851118,14061521.622724611,26912262.032958206,179544.00743213683,10843527.397812184,39993402.127777845
460150595.9497726,14061521.622724611,26912262.032958206,179544.00743213683,10843527.397812184,39993402.127777845
461111913.3507801,14061521.622724611,26912262.032958206,179544.00743213683,10843527.397812184,39993402.127777845
462075239.0750488,14061521.622724611,26912262.032958206,179544.00743213683,10843527.397812184,39993402.127777845
463040577.31824005,14061521.622724611,26912262.032958206,179544.00743213683,10843527.397812184,39993402.127777845
464007932.28478056,14061521.622724611,26912262.032958206,179544.00743213683,10843527.397812184,39993402.127777845
464977308.18788075,14061521.622724611,26912262.032958206,179544.00743213683,10843527.397812184,39993402.127777845
465948709.24955285,14061521.622724611,26912262.032958206,179544.00743213683,10843527.397812184,39993402.127777845
466922139.70062953,14061521.622724611,26912262.032958206,179544.00743213683,10843527.397812184,39993402.127777845
467897603.7807823,14061521.622724611,26912262.032958206,179544.00743213683,10843527.397812184,39993402.127777845
468875105.7385398,14061521.622724611,26912262.032958206,179544.00743213683,10843527.397812184,39993402.127777845
469854649.8313066,14061521.622724611,26912262.032958206,179544.00743213683,10843527.397812184,39993402.127777845
470836240.32538134,14061521.622724611,26912262.032958206,179544.00743213683,10843527.397812184,39993402.127777845
471819881.4959758,14061521.622724611,26912262.032958206,179544.00743213683,10843527.397812184,39993402.127777845
472805577.627233,14061521.622724611,26912262.032958206,179544.00743213683,10843527.397812184,39993402.127777845
473793333.0122463,14061521.622724611,26912262.032958206,179544.00743213683,10843527.397812184,39993402.127777845
474783151.9530779,14061521.622724611,26912262.032958206,179544.00743213683,10843527.397812184,39993402.127777845
475775038.76077753,14061521.622724611,26912262.032958206,179544.00743213683,10843527.397812184,39993402.127777845
476768997.7554013,14061521.622724611,26912262.032958206,179544.00743213683,10843527.397812184,39993402.127777845
477765033.2660306,14061521.622724611,26912262.032958206,179544.00743213683,10843527.397812184,39993402.127777845
478763149.6307907,14061521.622724611,26912262.032958206,179544.00743213683,10843527.397812184,39993402.127777845
479763351.1968699,14061521.622724611,26912262.032958206,179544.00743213683,10843527.397812184,39993402.127777845
480765642.32053846,14061521.622724611,26912262.032958206,179544.00743213683,10843527.397812184,39993402.127777845
481770027.3671673,14061521.622724611,26912262.032958206,179544.00743213683,10843527.397812184,39993402.127777845
482776510.71124727,14061521.622724611,26912262.032958206,179544.00743213683,10843527.397812184,39993402.127777845
483785096.73640823,14061521.622724611,26912262.032958206,179544.00743213683,10843527.397812184,39993402.127777845
484795789.8354379,14061521.622724611,26912262.032958206,179544.00743213683,10843527.397812184,39993402.127777845
485808594.4103012,14061521.622724611,26912262.032958206,179544.00743213683,10843527.397812184,39993402.127777845
486823514.8721593,14061521.622724611,26912262.032958206,179544.00743213683,10843527.397812184,39993402.127777845
487840555.641389,14061521.622724611,26912262.032958206,179544.00743213683,10843527.397812184,39993402.127777845
488859721.1476018,14061521.622724611,26912262.032958206,179544.00743213683,10843527.397812184,39993402.127777845
489881015.82966316,14061521.622724611,26912262.032958206,179544.00743213683,10843527.397812184,39993402.127777845
490904444.13571215,14061521.622724611,26912262.032958206,179544.00743213683,10843527.397812184,39993402.127777845
491930010.5231804,14061521.622724611,26912262.032958206,179544.00743213683,10843527.397812184,39993402.127777845
492957719.458812,14061521.622724611,26912262.032958206,179544.00743213683,10843527.397812184,39993402.127777845
493987575.4186823,14061521.622724611,26912262.032958206,179544.00743213683,10843527.397812184,39993402.127777845
495019582.88821805,14061521.622724611,26912262.032958206,179544.00743213683,10843527.397812184,39993402.127777845
496053746.36221665,14061521.622724611,26912262.032958206,179544.00743213683,10843527.397812184,39993402.127777845
497090070.3448656,14061521.622724611,26912262.032958206,179544.00743213683,10843527.397812184,39993402.127777845
498128559.3497625,14061521.622724611,26912262.032958206,179544.00743213683,10843527.397812184,39993402.127777845
499169217.89993423,14061521.622724611,26912262.032958206,179544.00743213683,10843527.397812184,39993402.127777845
500212050.527857,14061521.622724611,26912262.032958206,179544.00743213683,10843527.397812184,39993402.127777845
